Module,MSC
MTH1004,62-XX
MTH1004,60-XX
MTH1004,65-XX
MTH2003,34-XX
MTH2003,35-XX
MTH2003,45-XX
MTH1002,14-XX
MTH1002,15-XX
MTH1002,26-XX
MTH1002,34-XX
MTH1002,40-XX
MTH2009,15-XX
MTH2009,34-XX
MTH2009,08-XX
MTH1003,68-XX
MTH1003,35-XX
MTH2006,68-XX
MTH2006,62-XX
MTH2010,12-XX
MTH2010,13-XX
MTH2010,15-XX
MTH3004,03-XX
MTH3004,11-XX
MTH3004,12-XX
MTH1001,03-XX
MTH1001,11-XX
MTH1001,11-XX
MTH1001,12-XX
MTH1001,20-XX
MTH3028,82-XX
MTH3028,62-XX
MTH2008,34-XX
MTH2008,26-XX
MTH3022,03-XX
MTH3022,16-XX
MTH3026,54-XX
MTH3026,55-XX
MTH3026,12-XX
MTH3026,22-XX
MTH2011,08-XX
MTH2011,13-XX
MTH2011,12-XX
MTH2011,17-XX
MTH3024,82-XX
MTH3024,62-XX
MTH3024,60-XX
MTHM036,00-02
MTH3038,54-XX
MTH3038,55-XX
MTH3038,19-XX
MTH3038,20-XX
